1b:7050:com.google.javascript.jscomp.RemoveUnusedVars.removeUnreferencedFunctionArgs(Lcom/google/javascript/jscomp/Scope;)V
2b:1754:com.google.javascript.jscomp.TypeCheck.checkInterfaceConflictProperties(Lcom/google/javascript/jscomp/NodeTraversal;Lcom/google/javascript/rhino/Node;Ljava/lang/String;Ljava/util/HashMap;Ljava/util/HashMap;Lcom/google/javascript/rhino/jstype/ObjectType;)V
3b:7807:com.google.javascript.jscomp.FlowSensitiveInlineVariables.enterScope(Lcom/google/javascript/jscomp/NodeTraversal;)V
3b:8379:com.google.javascript.jscomp.FlowSensitiveInlineVariables$Candidate.canInline()Z
4b:4270:com.google.javascript.rhino.jstype.NamedType.resolveInternal(Lcom/google/javascript/rhino/ErrorReporter;Lcom/google/javascript/rhino/jstype/StaticScope;)Lcom/google/javascript/rhino/jstype/JSType;
5b:7110:com.google.javascript.jscomp.InlineObjectLiterals$InliningBehavior.isInlinableObject(Ljava/util/List;)Z
6b:1644:com.google.javascript.jscomp.TypeValidator.expectCanAssignToPropertyOf(Lcom/google/javascript/jscomp/NodeTraversal;Lcom/google/javascript/rhino/Node;Lcom/google/javascript/rhino/jstype/JSType;Lcom/google/javascript/rhino/jstype/JSType;Lcom/google/javascript/rhino/Node;Ljava/lang/String;)Z
6b:1645:com.google.javascript.jscomp.TypeValidator.expectCanAssignTo(Lcom/google/javascript/jscomp/NodeTraversal;Lcom/google/javascript/rhino/Node;Lcom/google/javascript/rhino/jstype/JSType;Lcom/google/javascript/rhino/jstype/JSType;Ljava/lang/String;)Z
7b:6281:com.google.javascript.jscomp.type.ChainableReverseAbstractInterpreter$RestrictByOneTypeOfResultVisitor.caseObjectType(Lcom/google/javascript/rhino/jstype/ObjectType;)Lcom/google/javascript/rhino/jstype/JSType;
8b:6521:com.google.javascript.jscomp.CollapseVariableDeclarations$GatherCollapses.canBeRedeclared(Lcom/google/javascript/rhino/Node;Lcom/google/javascript/jscomp/Scope;)Z
8b:0:com.google.javascript.jscomp.CollapseVariableDeclarations$GatherCollapses.isNamedParameter_is_added_but_non_existent_in_buggy
9b:8003:com.google.javascript.jscomp.ProcessCommonJSModules.normalizeSourceName(Ljava/lang/String;)Ljava/lang/String;
9b:8012:com.google.javascript.jscomp.ProcessCommonJSModules$ProcessCommonJsModulesCallback.visitScript(Lcom/google/javascript/jscomp/NodeTraversal;Lcom/google/javascript/rhino/Node;)V
10b:2806:com.google.javascript.jscomp.NodeUtil.mayBeString(Lcom/google/javascript/rhino/Node;Z)Z
11b:1756:com.google.javascript.jscomp.TypeCheck.visitGetProp(Lcom/google/javascript/jscomp/NodeTraversal;Lcom/google/javascript/rhino/Node;Lcom/google/javascript/rhino/Node;)V
12b:7845:com.google.javascript.jscomp.MaybeReachingVariableUse.hasExceptionHandler(Lcom/google/javascript/rhino/Node;)Z
13b:7010:com.google.javascript.jscomp.PeepholeOptimizationsPass.traverse(Lcom/google/javascript/rhino/Node;)V
14b:5453:com.google.javascript.jscomp.ControlFlowAnalysis.computeFollowNode(Lcom/google/javascript/rhino/Node;Lcom/google/javascript/rhino/Node;Lcom/google/javascript/jscomp/ControlFlowAnalysis;)Lcom/google/javascript/rhino/Node;
15b:7193:com.google.javascript.jscomp.FlowSensitiveInlineVariables$1.apply(Lcom/google/javascript/rhino/Node;)Z
16b:9241:com.google.javascript.jscomp.ScopedAliases$AliasedTypeNode.<init>(Lcom/google/javascript/jscomp/ScopedAliases;Lcom/google/javascript/rhino/Node;Ljava/lang/String;)V
16b:9242:com.google.javascript.jscomp.ScopedAliases$AliasedTypeNode.applyAlias()V
16b:6028:com.google.javascript.jscomp.ScopedAliases$Traversal.fixTypeNode(Lcom/google/javascript/rhino/Node;)V
17b:1815:com.google.javascript.jscomp.TypedScopeCreator$AbstractScopeBuilder.getDeclaredType(Ljava/lang/String;Lcom/google/javascript/rhino/JSDocInfo;Lcom/google/javascript/rhino/Node;Lcom/google/javascript/rhino/Node;)Lcom/google/javascript/rhino/jstype/JSType;
18b:553:com.google.javascript.jscomp.Compiler.parseInputs()Lcom/google/javascript/rhino/Node;
19b:779:com.google.javascript.jscomp.type.ChainableReverseAbstractInterpreter.declareNameInScope(Lcom/google/javascript/jscomp/type/FlowScope;Lcom/google/javascript/rhino/Node;Lcom/google/javascript/rhino/jstype/JSType;)V
20b:7031:com.google.javascript.jscomp.PeepholeSubstituteAlternateSyntax.tryFoldSimpleFunctionCall(Lcom/google/javascript/rhino/Node;)Lcom/google/javascript/rhino/Node;
21b:1892:com.google.javascript.jscomp.CheckSideEffects.visit(Lcom/google/javascript/jscomp/NodeTraversal;Lcom/google/javascript/rhino/Node;Lcom/google/javascript/rhino/Node;)V
22b:1892:com.google.javascript.jscomp.CheckSideEffects.visit(Lcom/google/javascript/jscomp/NodeTraversal;Lcom/google/javascript/rhino/Node;Lcom/google/javascript/rhino/Node;)V
23b:7123:com.google.javascript.jscomp.PeepholeFoldConstants.tryFoldArrayAccess(Lcom/google/javascript/rhino/Node;Lcom/google/javascript/rhino/Node;Lcom/google/javascript/rhino/Node;)Lcom/google/javascript/rhino/Node;
24b:5910:com.google.javascript.jscomp.ScopedAliases$Traversal.findAliases(Lcom/google/javascript/jscomp/NodeTraversal;)V
25b:5264:com.google.javascript.jscomp.TypeInference.traverseNew(Lcom/google/javascript/rhino/Node;Lcom/google/javascript/jscomp/type/FlowScope;)Lcom/google/javascript/jscomp/type/FlowScope;
26b:7828:com.google.javascript.jscomp.ProcessCommonJSModules$ProcessCommonJsModulesCallback.<init>(Lcom/google/javascript/jscomp/ProcessCommonJSModules;)V
26b:7833:com.google.javascript.jscomp.ProcessCommonJSModules$ProcessCommonJsModulesCallback.emitOptionalModuleExportsOverride(Lcom/google/javascript/rhino/Node;Ljava/lang/String;)V
26b:7834:com.google.javascript.jscomp.ProcessCommonJSModules$ProcessCommonJsModulesCallback.visitModuleExports(Lcom/google/javascript/rhino/Node;)V
27b:2113:com.google.javascript.rhino.IR.tryFinally(Lcom/google/javascript/rhino/Node;Lcom/google/javascript/rhino/Node;)Lcom/google/javascript/rhino/Node;
27b:2114:com.google.javascript.rhino.IR.tryCatch(Lcom/google/javascript/rhino/Node;Lcom/google/javascript/rhino/Node;)Lcom/google/javascript/rhino/Node;
27b:0:com.google.javascript.rhino.IR.blockUnchecked(Lcom/google/javascript/rhino/Node;)Lcom/google/javascript/rhino/Node;_is_added_but_non_existent_in_buggy
28b:0:com.google.javascript.jscomp.InlineCostEstimator$CompiledSizeEstimator.addConstant_is_added_but_non_existent_in_buggy
29b:6868:com.google.javascript.jscomp.InlineObjectLiterals$InliningBehavior.isInlinableObject(Ljava/util/List;)Z
30b:7498:com.google.javascript.jscomp.FlowSensitiveInlineVariables.process(Lcom/google/javascript/rhino/Node;Lcom/google/javascript/rhino/Node;)V
30b:7522:com.google.javascript.jscomp.MustBeReachingVariableDef.computeDependence(Lcom/google/javascript/jscomp/MustBeReachingVariableDef$Definition;Lcom/google/javascript/rhino/Node;)V
30b:7524:com.google.javascript.jscomp.MustBeReachingVariableDef.dependsOnOuterScopeVars(Ljava/lang/String;Lcom/google/javascript/rhino/Node;)Z
30b:7562:com.google.javascript.jscomp.MustBeReachingVariableDef$Definition.<init>(Lcom/google/javascript/rhino/Node;)V
31b:546:com.google.javascript.jscomp.Compiler.parseInputs()Lcom/google/javascript/rhino/Node;
32b:4011:com.google.javascript.jscomp.parsing.JsDocInfoParser.extractMultilineTextualBlock(Lcom/google/javascript/jscomp/parsing/JsDocToken;Lcom/google/javascript/jscomp/parsing/JsDocInfoParser$WhitespaceOption;)Lcom/google/javascript/jscomp/parsing/JsDocInfoParser$ExtractionInfo;
33b:1175:com.google.javascript.rhino.jstype.PrototypeObjectType.matchConstraint(Lcom/google/javascript/rhino/jstype/ObjectType;)V
34b:3923:com.google.javascript.jscomp.CodeGenerator.add(Lcom/google/javascript/rhino/Node;Lcom/google/javascript/jscomp/CodeGenerator$Context;)V
34b:3924:com.google.javascript.jscomp.CodeGenerator.unrollBinaryOperator(Lcom/google/javascript/rhino/Node;ILjava/lang/String;Lcom/google/javascript/jscomp/CodeGenerator$Context;Lcom/google/javascript/jscomp/CodeGenerator$Context;II)V
34b:3911:com.google.javascript.jscomp.CodePrinter$PrettyCodePrinter.appendOp(Ljava/lang/String;Z)V
35b:5164:com.google.javascript.jscomp.TypeInference.inferPropertyTypesToMatchConstraint(Lcom/google/javascript/rhino/jstype/JSType;Lcom/google/javascript/rhino/jstype/JSType;)V
36b:6860:com.google.javascript.jscomp.InlineVariables$InliningBehavior.canInline(Lcom/google/javascript/jscomp/ReferenceCollectingCallback$Reference;Lcom/google/javascript/jscomp/ReferenceCollectingCallback$Reference;Lcom/google/javascript/jscomp/ReferenceCollectingCallback$Reference;)Z
37b:2503:com.google.javascript.jscomp.parsing.IRFactory$TransformDispatcher.processFunctionNode(Lcom/google/javascript/rhino/head/ast/FunctionNode;)Lcom/google/javascript/rhino/Node;
37b:2667:com.google.javascript.jscomp.NodeTraversal.traverseFunction(Lcom/google/javascript/rhino/Node;Lcom/google/javascript/rhino/Node;)V
38b:3893:com.google.javascript.jscomp.CodeConsumer.addNumber(D)V
39b:1191:com.google.javascript.rhino.jstype.PrototypeObjectType.toStringHelper(Z)Ljava/lang/String;
40b:7006:com.google.javascript.jscomp.NameAnalyzer$FindDeclarationsAndSetters.visit(Lcom/google/javascript/jscomp/NodeTraversal;Lcom/google/javascript/rhino/Node;Lcom/google/javascript/rhino/Node;)V
41b:1757:com.google.javascript.jscomp.FunctionTypeBuilder.inferFromOverriddenFunction(Lcom/google/javascript/rhino/jstype/FunctionType;Lcom/google/javascript/rhino/Node;)Lcom/google/javascript/jscomp/FunctionTypeBuilder;
41b:1763:com.google.javascript.jscomp.FunctionTypeBuilder.inferParameterTypes(Lcom/google/javascript/rhino/Node;Lcom/google/javascript/rhino/JSDocInfo;)Lcom/google/javascript/jscomp/FunctionTypeBuilder;
42b:2465:com.google.javascript.jscomp.parsing.IRFactory$TransformDispatcher.processForInLoop(Lcom/google/javascript/rhino/head/ast/ForInLoop;)Lcom/google/javascript/rhino/Node;
43b:1705:com.google.javascript.jscomp.TypedScopeCreator$AbstractScopeBuilder.visit(Lcom/google/javascript/jscomp/NodeTraversal;Lcom/google/javascript/rhino/Node;Lcom/google/javascript/rhino/Node;)V
43b:1706:com.google.javascript.jscomp.TypedScopeCreator$AbstractScopeBuilder.attachLiteralTypes(Lcom/google/javascript/jscomp/NodeTraversal;Lcom/google/javascript/rhino/Node;)V
44b:3740:com.google.javascript.jscomp.CodeConsumer.add(Ljava/lang/String;)V
45b:6576:com.google.javascript.jscomp.RemoveUnusedVars.interpretAssigns()V
45b:6583:com.google.javascript.jscomp.RemoveUnusedVars$Assign.<init>(Lcom/google/javascript/rhino/Node;Lcom/google/javascript/rhino/Node;Z)V
46b:8275:com.google.javascript.rhino.jstype.RecordType.getLeastSupertype(Lcom/google/javascript/rhino/jstype/JSType;)Lcom/google/javascript/rhino/jstype/JSType;
47b:4167:com.google.debugging.sourcemap.SourceMapConsumerV3.getOriginalMappingForEntry(Lcom/google/debugging/sourcemap/SourceMapConsumerV3$Entry;)Lcom/google/debugging/sourcemap/proto/Mapping$OriginalMapping;
47b:1807:com.google.javascript.jscomp.SourceMap.addMapping(Lcom/google/javascript/rhino/Node;Lcom/google/debugging/sourcemap/FilePosition;Lcom/google/debugging/sourcemap/FilePosition;)V
48b:1588:com.google.javascript.jscomp.TypedScopeCreator$AbstractScopeBuilder.maybeDeclareQualifiedName(Lcom/google/javascript/jscomp/NodeTraversal;Lcom/google/javascript/rhino/JSDocInfo;Lcom/google/javascript/rhino/Node;Lcom/google/javascript/rhino/Node;Lcom/google/javascript/rhino/Node;)V
49b:4404:com.google.javascript.jscomp.MakeDeclaredNamesUnique.enterScope(Lcom/google/javascript/jscomp/NodeTraversal;)V
50b:6547:com.google.javascript.jscomp.PeepholeReplaceKnownMethods.tryFoldArrayJoin(Lcom/google/javascript/rhino/Node;)Lcom/google/javascript/rhino/Node;
51b:3656:com.google.javascript.jscomp.CodeConsumer.addNumber(D)V
52b:3686:com.google.javascript.jscomp.CodeGenerator.isSimpleNumber(Ljava/lang/String;)Z
53b:6382:com.google.javascript.jscomp.InlineObjectLiterals$InliningBehavior.replaceAssignmentExpression(Lcom/google/javascript/jscomp/Scope$Var;Lcom/google/javascript/jscomp/ReferenceCollectingCallback$Reference;Ljava/util/Map;)V
54b:1639:com.google.javascript.jscomp.TypedScopeCreator$AbstractScopeBuilder.maybeDeclareQualifiedName(Lcom/google/javascript/jscomp/NodeTraversal;Lcom/google/javascript/rhino/JSDocInfo;Lcom/google/javascript/rhino/Node;Lcom/google/javascript/rhino/Node;Lcom/google/javascript/rhino/Node;)V
54b:958:com.google.javascript.rhino.jstype.FunctionType.setPrototypeBasedOn(Lcom/google/javascript/rhino/jstype/ObjectType;)V
55b:7394:com.google.javascript.jscomp.FunctionRewriter.isReduceableFunctionExpression(Lcom/google/javascript/rhino/Node;)Z
56b:215:com.google.javascript.jscomp.SourceFile.getLine(I)Ljava/lang/String;
57b:736:com.google.javascript.jscomp.ClosureCodingConvention.extractClassNameIfGoog(Lcom/google/javascript/rhino/Node;Lcom/google/javascript/rhino/Node;Ljava/lang/String;)Ljava/lang/String;
58b:5909:com.google.javascript.jscomp.LiveVariablesAnalysis.computeGenKill(Lcom/google/javascript/rhino/Node;Ljava/util/BitSet;Ljava/util/BitSet;Z)V
59b:343:com.google.javascript.jscomp.Compiler.initOptions(Lcom/google/javascript/jscomp/CompilerOptions;)V
60b:2435:com.google.javascript.jscomp.NodeUtil.getImpureBooleanValue(Lcom/google/javascript/rhino/Node;)Lcom/google/javascript/rhino/jstype/TernaryValue;
60b:2436:com.google.javascript.jscomp.NodeUtil.getPureBooleanValue(Lcom/google/javascript/rhino/Node;)Lcom/google/javascript/rhino/jstype/TernaryValue;
61b:2445:com.google.javascript.jscomp.NodeUtil.functionCallHasSideEffects(Lcom/google/javascript/rhino/Node;Lcom/google/javascript/jscomp/AbstractCompiler;)Z
62b:1435:com.google.javascript.jscomp.LightweightMessageFormatter.format(Lcom/google/javascript/jscomp/JSError;Z)Ljava/lang/String;
63b:1435:com.google.javascript.jscomp.LightweightMessageFormatter.format(Lcom/google/javascript/jscomp/JSError;Z)Ljava/lang/String;
64b:432:com.google.javascript.jscomp.Compiler.toSource(Lcom/google/javascript/jscomp/Compiler$CodeBuilder;ILcom/google/javascript/rhino/Node;)V
64b:433:com.google.javascript.jscomp.Compiler.toSource(Lcom/google/javascript/rhino/Node;)Ljava/lang/String;
64b:434:com.google.javascript.jscomp.Compiler.toSource(Lcom/google/javascript/rhino/Node;Lcom/google/javascript/jscomp/SourceMap;)Ljava/lang/String;
65b:3614:com.google.javascript.jscomp.CodeGenerator.strEscape(Ljava/lang/String;CLjava/lang/String;Ljava/lang/String;Ljava/lang/String;Ljava/nio/charset/CharsetEncoder;)Ljava/lang/String;
66b:1600:com.google.javascript.jscomp.TypeCheck.visit(Lcom/google/javascript/jscomp/NodeTraversal;Lcom/google/javascript/rhino/Node;Lcom/google/javascript/rhino/Node;)V
67b:6763:com.google.javascript.jscomp.AnalyzePrototypeProperties$ProcessProperties.isPrototypePropertyAssign(Lcom/google/javascript/rhino/Node;)Z
68b:3672:com.google.javascript.jscomp.parsing.JsDocInfoParser.parse()Z
68b:3695:com.google.javascript.jscomp.parsing.JsDocInfoParser.parseBasicTypeExpression(Lcom/google/javascript/jscomp/parsing/JsDocToken;)Lcom/google/javascript/rhino/Node;
68b:3697:com.google.javascript.jscomp.parsing.JsDocInfoParser.parseFunctionType(Lcom/google/javascript/jscomp/parsing/JsDocToken;)Lcom/google/javascript/rhino/Node;
69b:1620:com.google.javascript.jscomp.TypeCheck.visitCall(Lcom/google/javascript/jscomp/NodeTraversal;Lcom/google/javascript/rhino/Node;)V
70b:1695:com.google.javascript.jscomp.TypedScopeCreator$LocalScopeBuilder.declareArguments(Lcom/google/javascript/rhino/Node;)V
71b:1467:com.google.javascript.jscomp.CheckAccessControls.checkPropertyVisibility(Lcom/google/javascript/jscomp/NodeTraversal;Lcom/google/javascript/rhino/Node;Lcom/google/javascript/rhino/Node;)V
72b:7277:com.google.javascript.jscomp.FunctionToBlockMutator.makeLocalNamesUnique(Lcom/google/javascript/rhino/Node;Z)V
72b:6549:com.google.javascript.jscomp.RenameLabels$ProcessLabels.visitLabel(Lcom/google/javascript/rhino/Node;Lcom/google/javascript/rhino/Node;)V
73b:3519:com.google.javascript.jscomp.CodeGenerator.strEscape(Ljava/lang/String;CLjava/lang/String;Ljava/lang/String;Ljava/lang/String;Ljava/nio/charset/CharsetEncoder;)Ljava/lang/String;
74b:6003:com.google.javascript.jscomp.PeepholeFoldConstants.tryFoldComparison(Lcom/google/javascript/rhino/Node;Lcom/google/javascript/rhino/Node;Lcom/google/javascript/rhino/Node;)Lcom/google/javascript/rhino/Node;
74b:6003:com.google.javascript.jscomp.PeepholeFoldConstants.getNormalizedNodeType_is_added_but_non_existent_in_buggy
75b:2316:com.google.javascript.jscomp.NodeUtil.getStringNumberValue(Ljava/lang/String;)Ljava/lang/Double;
75b:2318:com.google.javascript.jscomp.NodeUtil.isStrWhiteSpaceChar(I)Lcom/google/javascript/rhino/jstype/TernaryValue;
76b:5714:com.google.javascript.jscomp.DeadAssignmentsElimination.isVariableStillLiveWithinExpression(Lcom/google/javascript/rhino/Node;Lcom/google/javascript/rhino/Node;Ljava/lang/String;)Z
76b:5715:com.google.javascript.jscomp.DeadAssignmentsElimination.isVariableReadBeforeKill(Lcom/google/javascript/rhino/Node;Ljava/lang/String;)Lcom/google/javascript/jscomp/DeadAssignmentsElimination$VariableLiveness;
77b:3193:com.google.javascript.jscomp.CodeGenerator.strEscape(Ljava/lang/String;CLjava/lang/String;Ljava/lang/String;Ljava/lang/String;Ljava/nio/charset/CharsetEncoder;)Ljava/lang/String;
78b:5659:com.google.javascript.jscomp.PeepholeFoldConstants.performArithmeticOp(ILcom/google/javascript/rhino/Node;Lcom/google/javascript/rhino/Node;)Lcom/google/javascript/rhino/Node;
79b:2965:com.google.javascript.jscomp.Normalize.process(Lcom/google/javascript/rhino/Node;Lcom/google/javascript/rhino/Node;)V
79b:1270:com.google.javascript.jscomp.VarCheck.createSynthesizedExternVar(Ljava/lang/String;)V
80b:2305:com.google.javascript.jscomp.NodeUtil.isBooleanResultHelper(Lcom/google/javascript/rhino/Node;)Z
80b:2413:com.google.javascript.jscomp.NodeUtil.evaluatesToLocalValue(Lcom/google/javascript/rhino/Node;Lcom/google/common/base/Predicate;)Z
81b:2325:com.google.javascript.jscomp.parsing.IRFactory$TransformDispatcher.processFunctionNode(Lcom/google/javascript/jscomp/mozilla/rhino/ast/FunctionNode;)Lcom/google/javascript/rhino/Node;
82b:741:com.google.javascript.rhino.jstype.JSType.isEmptyType()Z
83b:5313:com.google.javascript.jscomp.CommandLineRunner$Flags$BooleanOptionHandler.parseArguments(Lorg/kohsuke/args4j/spi/Parameters;)I
84b:2356:com.google.javascript.jscomp.parsing.IRFactory$TransformDispatcher.processAssignment(Lcom/google/javascript/jscomp/mozilla/rhino/ast/Assignment;)Lcom/google/javascript/rhino/Node;
84b:2393:com.google.javascript.jscomp.parsing.IRFactory$TransformDispatcher.processUnaryExpression(Lcom/google/javascript/jscomp/mozilla/rhino/ast/UnaryExpression;)Lcom/google/javascript/rhino/Node;
84b:0:com.google.javascript.jscomp.parsing.IRFactory$TransformDispatcher.validAssignmentTarget_is_added_but_non_existent_in_buggy
85b:5425:com.google.javascript.jscomp.UnreachableCodeElimination.tryRemoveUnconditionalBranching(Lcom/google/javascript/rhino/Node;)Lcom/google/javascript/rhino/Node;
85b:5426:com.google.javascript.jscomp.UnreachableCodeElimination.computeFollowing(Lcom/google/javascript/rhino/Node;)Lcom/google/javascript/rhino/Node;
86b:2894:com.google.javascript.jscomp.NodeUtil.evaluatesToLocalValue(Lcom/google/javascript/rhino/Node;Lcom/google/common/base/Predicate;)Z
87b:5287:com.google.javascript.jscomp.PeepholeSubstituteAlternateSyntax.isFoldableExpressBlock(Lcom/google/javascript/rhino/Node;)Z
88b:5401:com.google.javascript.jscomp.DeadAssignmentsElimination.isVariableReadBeforeKill(Lcom/google/javascript/rhino/Node;Ljava/lang/String;)Lcom/google/javascript/jscomp/DeadAssignmentsElimination$VariableLiveness;
89b:4905:com.google.javascript.jscomp.CollapseProperties.updateSimpleDeclaration(Ljava/lang/String;Lcom/google/javascript/jscomp/GlobalNamespace$Name;Lcom/google/javascript/jscomp/GlobalNamespace$Ref;)V
89b:4181:com.google.javascript.jscomp.GlobalNamespace$Name.canCollapseUnannotatedChildNames()Z
90b:5181:com.google.javascript.jscomp.FunctionTypeBuilder$ThisTypeValidator.apply(Lcom/google/javascript/rhino/jstype/JSType;)Z
90b:924:com.google.javascript.rhino.jstype.FunctionType.resolveInternal(Lcom/google/javascript/rhino/ErrorReporter;Lcom/google/javascript/rhino/jstype/StaticScope;)Lcom/google/javascript/rhino/jstype/JSType;
91b:4171:com.google.javascript.jscomp.CheckGlobalThis.shouldTraverse(Lcom/google/javascript/jscomp/NodeTraversal;Lcom/google/javascript/rhino/Node;Lcom/google/javascript/rhino/Node;)Z
92b:4542:com.google.javascript.jscomp.ProcessClosurePrimitives$ProvidedName.replace()V
93b:4527:com.google.javascript.jscomp.ProcessClosurePrimitives$ProvidedName.replace()V
94b:2543:com.google.javascript.jscomp.NodeUtil.isValidDefineValue(Lcom/google/javascript/rhino/Node;Ljava/util/Set;)Z
95b:3350:com.google.javascript.jscomp.TypedScopeCreator$AbstractScopeBuilder.defineSlot(Lcom/google/javascript/rhino/Node;Lcom/google/javascript/rhino/Node;Lcom/google/javascript/rhino/jstype/JSType;Z)V
96b:371:com.google.javascript.jscomp.TypeCheck.visitParameterList(Lcom/google/javascript/jscomp/NodeTraversal;Lcom/google/javascript/rhino/Node;Lcom/google/javascript/rhino/jstype/FunctionType;)V
97b:5060:com.google.javascript.jscomp.PeepholeFoldConstants.tryFoldShift(Lcom/google/javascript/rhino/Node;Lcom/google/javascript/rhino/Node;Lcom/google/javascript/rhino/Node;)Lcom/google/javascript/rhino/Node;
98b:4664:com.google.javascript.jscomp.ReferenceCollectingCallback$ReferenceCollection.isAssignedOnceInLifetime()Z
98b:4634:com.google.javascript.jscomp.ReferenceCollectingCallback$BasicBlock.<init>(Lcom/google/javascript/jscomp/ReferenceCollectingCallback$BasicBlock;Lcom/google/javascript/rhino/Node;)V
99b:3852:com.google.javascript.jscomp.CheckGlobalThis.shouldTraverse(Lcom/google/javascript/jscomp/NodeTraversal;Lcom/google/javascript/rhino/Node;Lcom/google/javascript/rhino/Node;)Z
100b:3855:com.google.javascript.jscomp.CheckGlobalThis.shouldTraverse(Lcom/google/javascript/jscomp/NodeTraversal;Lcom/google/javascript/rhino/Node;Lcom/google/javascript/rhino/Node;)Z
100b:3857:com.google.javascript.jscomp.CheckGlobalThis.shouldReportThis(Lcom/google/javascript/rhino/Node;Lcom/google/javascript/rhino/Node;)Z
101b:4655:com.google.javascript.jscomp.CommandLineRunner.createOptions()Lcom/google/javascript/jscomp/CompilerOptions;
102b:4166:com.google.javascript.jscomp.Normalize.process(Lcom/google/javascript/rhino/Node;Lcom/google/javascript/rhino/Node;)V
103b:3359:com.google.javascript.jscomp.ControlFlowAnalysis.mayThrowException(Lcom/google/javascript/rhino/Node;)Z
103b:5685:com.google.javascript.jscomp.DisambiguateProperties$JSTypeSystem.getTypeWithProperty(Ljava/lang/String;Lcom/google/javascript/rhino/jstype/JSType;)Lcom/google/javascript/rhino/jstype/ObjectType;
104b:1603:com.google.javascript.rhino.jstype.UnionType.meet(Lcom/google/javascript/rhino/jstype/JSType;)Lcom/google/javascript/rhino/jstype/JSType;
105b:4422:com.google.javascript.jscomp.FoldConstants.tryFoldStringJoin(Lcom/google/javascript/jscomp/NodeTraversal;Lcom/google/javascript/rhino/Node;Lcom/google/javascript/rhino/Node;Lcom/google/javascript/rhino/Node;Lcom/google/javascript/rhino/Node;)V
106b:3660:com.google.javascript.jscomp.GlobalNamespace$Name.canCollapseUnannotatedChildNames()Z
106b:2128:com.google.javascript.rhino.JSDocInfoBuilder.recordBlockDescription(Ljava/lang/String;)Z
107b:7015:com.google.javascript.jscomp.CommandLineRunner.createOptions()Lcom/google/javascript/jscomp/CompilerOptions;
108b:6550:com.google.javascript.jscomp.ScopedAliases$Traversal.<init>(Lcom/google/javascript/jscomp/ScopedAliases;)V
108b:6558:com.google.javascript.jscomp.ScopedAliases$Traversal.exitScope(Lcom/google/javascript/jscomp/NodeTraversal;)V
108b:6562:com.google.javascript.jscomp.ScopedAliases$Traversal.findAliases(Lcom/google/javascript/jscomp/NodeTraversal;)V
108b:6567:com.google.javascript.jscomp.ScopedAliases$Traversal.visit(Lcom/google/javascript/jscomp/NodeTraversal;Lcom/google/javascript/rhino/Node;Lcom/google/javascript/rhino/Node;)V
109b:3917:com.google.javascript.jscomp.parsing.JsDocInfoParser.parseContextTypeExpression(Lcom/google/javascript/jscomp/parsing/JsDocToken;)Lcom/google/javascript/rhino/Node;
110b:6605:com.google.javascript.jscomp.ScopedAliases$Traversal.findAliases(Lcom/google/javascript/jscomp/NodeTraversal;)V
110b:2376:com.google.javascript.rhino.Node.getChildBefore(Lcom/google/javascript/rhino/Node;)Lcom/google/javascript/rhino/Node;
111b:6742:com.google.javascript.jscomp.type.ClosureReverseAbstractInterpreter$1.caseTopType(Lcom/google/javascript/rhino/jstype/JSType;)Lcom/google/javascript/rhino/jstype/JSType;
112b:5705:com.google.javascript.jscomp.TypeInference.inferTemplatedTypesForCall(Lcom/google/javascript/rhino/Node;Lcom/google/javascript/rhino/jstype/FunctionType;)Z
113b:5361:com.google.javascript.jscomp.ProcessClosurePrimitives.processRequireCall(Lcom/google/javascript/jscomp/NodeTraversal;Lcom/google/javascript/rhino/Node;Lcom/google/javascript/rhino/Node;)V
114b:8225:com.google.javascript.jscomp.NameAnalyzer$FindDependencyScopes.recordAssignment(Lcom/google/javascript/jscomp/NodeTraversal;Lcom/google/javascript/rhino/Node;Lcom/google/javascript/rhino/Node;)V
115b:7451:com.google.javascript.jscomp.FunctionInjector.canInlineReferenceDirectly(Lcom/google/javascript/rhino/Node;Lcom/google/javascript/rhino/Node;)Lcom/google/javascript/jscomp/FunctionInjector$CanInlineResult;
116b:7451:com.google.javascript.jscomp.FunctionInjector.canInlineReferenceDirectly(Lcom/google/javascript/rhino/Node;Lcom/google/javascript/rhino/Node;)Lcom/google/javascript/jscomp/FunctionInjector$CanInlineResult;
117b:1699:com.google.javascript.jscomp.TypeValidator.getReadableJSTypeName(Lcom/google/javascript/rhino/Node;Z)Ljava/lang/String;
118b:8740:com.google.javascript.jscomp.DisambiguateProperties$FindRenameableProperties.handleObjectLit(Lcom/google/javascript/jscomp/NodeTraversal;Lcom/google/javascript/rhino/Node;)V
119b:3558:com.google.javascript.jscomp.GlobalNamespace$BuildGlobalNamespace.collect(Lcom/google/javascript/jscomp/JSModule;Lcom/google/javascript/jscomp/Scope;Lcom/google/javascript/rhino/Node;)V
120b:7006:com.google.javascript.jscomp.ReferenceCollectingCallback$ReferenceCollection.isAssignedOnceInLifetime()Z
121b:7548:com.google.javascript.jscomp.InlineVariables$InliningBehavior.inlineNonConstants(Lcom/google/javascript/jscomp/Scope$Var;Lcom/google/javascript/jscomp/ReferenceCollectingCallback$ReferenceCollection;Z)V
122b:2670:com.google.javascript.jscomp.parsing.IRFactory.handleBlockComment(Lcom/google/javascript/rhino/head/ast/Comment;)V
123b:3729:com.google.javascript.jscomp.CodeGenerator.add(Lcom/google/javascript/rhino/Node;Lcom/google/javascript/jscomp/CodeGenerator$Context;)V
124b:7651:com.google.javascript.jscomp.ExploitAssigns.isSafeReplacement(Lcom/google/javascript/rhino/Node;Lcom/google/javascript/rhino/Node;)Z
125b:1824:com.google.javascript.jscomp.TypeCheck.visitNew(Lcom/google/javascript/jscomp/NodeTraversal;Lcom/google/javascript/rhino/Node;)V
126b:7215:com.google.javascript.jscomp.MinimizeExitPoints.tryMinimizeExits(Lcom/google/javascript/rhino/Node;ILjava/lang/String;)V
127b:7183:com.google.javascript.jscomp.UnreachableCodeElimination$EliminationPass.tryRemoveUnconditionalBranching(Lcom/google/javascript/rhino/Node;)V
127b:0:com.google.javascript.jscomp.UnreachableCodeElimination$EliminationPass.inFinally_is_added_but_non_existent_in_buggy
128b:3619:com.google.javascript.jscomp.CodeGenerator.isSimpleNumber(Ljava/lang/String;)Z
129b:2786:com.google.javascript.jscomp.PrepareAst$PrepareAnnotations.annotateCalls(Lcom/google/javascript/rhino/Node;)V
130b:6550:com.google.javascript.jscomp.CollapseProperties.inlineAliases(Lcom/google/javascript/jscomp/GlobalNamespace;)V
131b:5079:com.google.javascript.rhino.TokenStream.isJSIdentifier(Ljava/lang/String;)Z
132b:7251:com.google.javascript.jscomp.PeepholeSubstituteAlternateSyntax.tryMinimizeIf(Lcom/google/javascript/rhino/Node;)Lcom/google/javascript/rhino/Node;
133b:3721:com.google.javascript.jscomp.parsing.JsDocInfoParser.getRemainingJSDocLine()Ljava/lang/String;
134b:2846:com.google.javascript.jscomp.AmbiguateProperties.process(Lcom/google/javascript/rhino/Node;Lcom/google/javascript/rhino/Node;)V
134b:3503:com.google.javascript.jscomp.AmbiguateProperties$PropertySubGraph.isIndependentOf(Lcom/google/javascript/jscomp/AmbiguateProperties$Property;)Z
134b:3504:com.google.javascript.jscomp.AmbiguateProperties$PropertySubGraph.addNode(Lcom/google/javascript/jscomp/AmbiguateProperties$Property;)V
134b:3476:com.google.javascript.jscomp.AmbiguateProperties$Property.<init>(Lcom/google/javascript/jscomp/AmbiguateProperties;Ljava/lang/String;)V
134b:3478:com.google.javascript.jscomp.AmbiguateProperties$Property.addNonUnionType(Lcom/google/javascript/rhino/jstype/JSType;)V
134b:3069:com.google.javascript.jscomp.TypedScopeCreator$AbstractScopeBuilder.findOverriddenFunction(Lcom/google/javascript/rhino/jstype/ObjectType;Ljava/lang/String;)Lcom/google/javascript/rhino/jstype/FunctionType;
135b:5085:com.google.javascript.jscomp.DevirtualizePrototypeMethods.replaceReferencesToThis(Lcom/google/javascript/rhino/Node;Ljava/lang/String;)V
135b:846:com.google.javascript.rhino.jstype.FunctionType.defineProperty(Ljava/lang/String;Lcom/google/javascript/rhino/jstype/JSType;ZZ)Z
135b:885:com.google.javascript.rhino.jstype.FunctionType.hasOwnProperty(Ljava/lang/String;)Z
136b:5258:com.google.javascript.jscomp.MethodCompilerPass.addPossibleSignature(Ljava/lang/String;Lcom/google/javascript/rhino/Node;Lcom/google/javascript/jscomp/NodeTraversal;)V
136b:4981:com.google.javascript.jscomp.RenameVars$ProcessVars.visit(Lcom/google/javascript/jscomp/NodeTraversal;Lcom/google/javascript/rhino/Node;Lcom/google/javascript/rhino/Node;)V
137b:0:com.google.javascript.jscomp.MakeDeclaredNamesUnique.<clinit>()V_is_changed_but_non_existent_in_buggy
137b:4238:com.google.javascript.jscomp.MakeDeclaredNamesUnique$ContextualRenameInverter.<init>(Lcom/google/javascript/jscomp/AbstractCompiler;)V
137b:4244:com.google.javascript.jscomp.MakeDeclaredNamesUnique$ContextualRenameInverter.getOrginalNameInternal(Ljava/lang/String;I)Ljava/lang/String;
137b:4245:com.google.javascript.jscomp.MakeDeclaredNamesUnique$ContextualRenameInverter.getNameSuffix(Ljava/lang/String;I)Ljava/lang/String;
137b:4246:com.google.javascript.jscomp.MakeDeclaredNamesUnique$ContextualRenameInverter.visit(Lcom/google/javascript/jscomp/NodeTraversal;Lcom/google/javascript/rhino/Node;Lcom/google/javascript/rhino/Node;)V
137b:0:com.google.javascript.jscomp.MakeDeclaredNamesUnique$ContextualRenameInverter.enterScope_is_added_but_non_existent_in_buggy
137b:0:com.google.javascript.jscomp.MakeDeclaredNamesUnique$ContextualRenameInverter.handleScopeVar_is_added_but_non_existent_in_buggy
137b:0:com.google.javascript.jscomp.MakeDeclaredNamesUnique$ContextualRenameInverter.shouldTraverse_is_added_but_non_existent_in_buggy
137b:0:com.google.javascript.jscomp.MakeDeclaredNamesUnique$ContextualRenameInverter.addCandidateNameReference_is_added_but_non_existent_in_buggy
137b:4215:com.google.javascript.jscomp.MakeDeclaredNamesUnique$ContextualRenamer.addDeclaredName(Ljava/lang/String;)V
137b:5600:com.google.javascript.jscomp.MakeDeclaredNamesUnique$InlineRenamer.addDeclaredName(Ljava/lang/String;)V
137b:0:com.google.javascript.jscomp.NodeUtil.isReferenceName_is_added_but_non_existent_in_buggy
137b:4177:com.google.javascript.jscomp.Normalize.process(Lcom/google/javascript/rhino/Node;Lcom/google/javascript/rhino/Node;)V
138b:4289:com.google.javascript.jscomp.ClosureReverseAbstractInterpreter.getPreciserScopeKnowingConditionOutcome(Lcom/google/javascript/rhino/Node;Lcom/google/javascript/jscomp/FlowScope;Z)Lcom/google/javascript/jscomp/FlowScope;
138b:3279:com.google.javascript.jscomp.TypeInference.traverseName(Lcom/google/javascript/rhino/Node;Lcom/google/javascript/jscomp/FlowScope;)Lcom/google/javascript/jscomp/FlowScope;
139b:4190:com.google.javascript.jscomp.Normalize$NormalizeStatements.visit(Lcom/google/javascript/jscomp/NodeTraversal;Lcom/google/javascript/rhino/Node;Lcom/google/javascript/rhino/Node;)V
139b:0:com.google.javascript.jscomp.Normalize$NormalizeStatements.normalizeFunctionDeclaration_is_added_but_non_existent_in_buggy
139b:0:com.google.javascript.jscomp.Normalize$NormalizeStatements.rewriteFunctionDeclaration_is_added_but_non_existent_in_buggy
139b:4227:com.google.javascript.jscomp.Normalize$DuplicateDeclarationHandler.onRedeclaration(Lcom/google/javascript/jscomp/Scope;Ljava/lang/String;Lcom/google/javascript/rhino/Node;Lcom/google/javascript/rhino/Node;Lcom/google/javascript/rhino/Node;Lcom/google/javascript/rhino/Node;)V
140b:51:com.google.javascript.jscomp.Compiler.init([Lcom/google/javascript/jscomp/JSSourceFile;[Lcom/google/javascript/jscomp/JSModule;Lcom/google/javascript/jscomp/CompilerOptions;)V
140b:0:com.google.javascript.jscomp.Compiler.fillEmptyModules_is_added_but_non_existent_in_buggy
140b:144:com.google.javascript.jscomp.Compiler.getNodeForCodeInsertion(Lcom/google/javascript/jscomp/JSModule;)Lcom/google/javascript/rhino/Node;
141b:2426:com.google.javascript.jscomp.NodeUtil.canBeSideEffected(Lcom/google/javascript/rhino/Node;Ljava/util/Set;)Z
141b:5082:com.google.javascript.jscomp.PureFunctionIdentifier.getCallableDefinitions(Lcom/google/javascript/jscomp/DefinitionProvider;Lcom/google/javascript/rhino/Node;)Ljava/util/Collection;
142b:2174:com.google.javascript.jscomp.parsing.JsDocInfoParser.extractMultilineTextualBlock(Lcom/google/javascript/jscomp/parsing/JsDocToken;Lcom/google/javascript/jscomp/parsing/JsDocInfoParser$WhitespaceOption;)Lcom/google/javascript/jscomp/parsing/JsDocInfoParser$ExtractionInfo;
142b:4399:com.google.javascript.jscomp.CoalesceVariableNames.enterScope(Lcom/google/javascript/jscomp/NodeTraversal;)V
143b:4715:com.google.javascript.jscomp.AbstractCommandLineRunner.createDefineReplacements(Ljava/util/List;Lcom/google/javascript/jscomp/CompilerOptions;)V
143b:4872:com.google.javascript.jscomp.RemoveConstantExpressions$RemoveConstantRValuesCallback.trySimplify(Lcom/google/javascript/rhino/Node;Lcom/google/javascript/rhino/Node;)V
144b:3241:com.google.javascript.jscomp.FunctionTypeBuilder.<init>(Ljava/lang/String;Lcom/google/javascript/jscomp/AbstractCompiler;Lcom/google/javascript/rhino/Node;Ljava/lang/String;Lcom/google/javascript/jscomp/Scope;)V
144b:3245:com.google.javascript.jscomp.FunctionTypeBuilder.inferReturnType(Lcom/google/javascript/rhino/JSDocInfo;)Lcom/google/javascript/jscomp/FunctionTypeBuilder;
144b:3255:com.google.javascript.jscomp.FunctionTypeBuilder.buildAndRegister()Lcom/google/javascript/rhino/jstype/FunctionType;
144b:3185:com.google.javascript.jscomp.TypedScopeCreator$AbstractScopeBuilder.getFunctionType(Ljava/lang/String;Lcom/google/javascript/rhino/Node;Lcom/google/javascript/rhino/JSDocInfo;Lcom/google/javascript/rhino/Node;)Lcom/google/javascript/rhino/jstype/FunctionType;
144b:861:com.google.javascript.rhino.jstype.FunctionType.cloneWithNewReturnType(Lcom/google/javascript/rhino/jstype/JSType;Z)Lcom/google/javascript/rhino/jstype/FunctionType;
144b:0:com.google.javascript.rhino.jstype.FunctionBuilder.withReturnType(Lcom/google/javascript/rhino/jstype/JSType;Z)Lcom/google/javascript/rhino/jstype/FunctionBuilder;_is_added_but_non_existent_in_buggy
144b:0:com.google.javascript.jscomp.FunctionTypeBuilder.inferReturnStatements_is_added_but_non_existent_in_buggy
145b:2792:com.google.javascript.jscomp.CodeGenerator.isOneExactlyFunctionOrDo(Lcom/google/javascript/rhino/Node;)Z
146b:721:com.google.javascript.rhino.jstype.JSType.getTypesUnderInequality(Lcom/google/javascript/rhino/jstype/JSType;)Lcom/google/javascript/rhino/jstype/JSType$TypePair;
147b:3955:com.google.javascript.jscomp.CheckGlobalThis.shouldTraverse(Lcom/google/javascript/jscomp/NodeTraversal;Lcom/google/javascript/rhino/Node;Lcom/google/javascript/rhino/Node;)Z
147b:7452:com.google.javascript.jscomp.RuntimeTypeCheck$AddChecks.visitFunction(Lcom/google/javascript/jscomp/NodeTraversal;Lcom/google/javascript/rhino/Node;)V
148b:5035:com.google.javascript.jscomp.PeepholeFoldConstants.tryFoldTypeof(Lcom/google/javascript/rhino/Node;)Lcom/google/javascript/rhino/Node;
148b:0:com.google.javascript.jscomp.SourceMap.<clinit>()V_is_added_but_non_existent_in_buggy
148b:5888:com.google.javascript.jscomp.SourceMap.<init>()V
148b:5890:com.google.javascript.jscomp.SourceMap.addMapping(Lcom/google/javascript/rhino/Node;Lcom/google/javascript/jscomp/Position;Lcom/google/javascript/jscomp/Position;)V
148b:5894:com.google.javascript.jscomp.SourceMap.findLastLine()I
148b:5895:com.google.javascript.jscomp.SourceMap.appendTo(Ljava/lang/Appendable;Ljava/lang/String;)V
148b:0:com.google.javascript.jscomp.SourceMap.prepMappings()_is_added_but_non_existent_in_buggy
148b:7463:com.google.javascript.jscomp.SourceMap$Mapping.<init>()V
148b:0:com.google.javascript.jscomp.SourceMap$MappingWriter_class_is_added_but_non_existent_in_buggy
148b:7464:com.google.javascript.jscomp.SourceMap$Mapping.appendTo(Ljava/lang/Appendable;)V
148b:0:com.google.javascript.jscomp.SourceMap$MappingWriter.appendMappings(Ljava/lang/Appendable;)V_is_added_but_non_existent_in_buggy
148b:7465:com.google.javascript.jscomp.SourceMap$LineMapper.<init>(Lcom/google/javascript/jscomp/SourceMap;Ljava/lang/Appendable;)V
148b:7466:com.google.javascript.jscomp.SourceMap$LineMapper.appendLineMappings()V
148b:7467:com.google.javascript.jscomp.SourceMap$LineMapper.openLine()V
148b:7468:com.google.javascript.jscomp.SourceMap$LineMapper.closeLine()V
148b:7469:com.google.javascript.jscomp.SourceMap$LineMapper.addCharEntry(Ljava/lang/String;)V
148b:7473:com.google.javascript.jscomp.SourceMap$LineMapper.writeClosedMapping(Lcom/google/javascript/jscomp/SourceMap$Mapping;)V
148b:7474:com.google.javascript.jscomp.SourceMap$LineMapper.writeCharsBetween(Lcom/google/javascript/jscomp/SourceMap$Mapping;Lcom/google/javascript/jscomp/SourceMap$Mapping;)V
148b:7475:com.google.javascript.jscomp.SourceMap$LineMapper.writeCharsUpTo(III)V
149b:4888:com.google.javascript.jscomp.AbstractCommandLineRunner.setRunOptions(Lcom/google/javascript/jscomp/CompilerOptions;)V
149b:4900:com.google.javascript.jscomp.AbstractCommandLineRunner.doRun()I
149b:0:com.google.javascript.jscomp.AbstractCommandLineRunner.getOutputCharset()_is_added_but_non_existent_in_buggy
149b:4875:com.google.javascript.jscomp.CommandLineRunner.createOptions()Lcom/google/javascript/jscomp/CompilerOptions;
149b:125:com.google.javascript.jscomp.Compiler.toSource(Lcom/google/javascript/rhino/Node;Lcom/google/javascript/jscomp/SourceMap;)Ljava/lang/String;
149b:308:com.google.javascript.jscomp.CompilerOptions.<init>()V
149b:0:com.google.javascript.jscomp.CompilerOptions.setOutputCharset_is_added_but_non_existent_in_buggy
150b:3363:com.google.javascript.jscomp.TypedScopeCreator$LocalScopeBuilder.visit(Lcom/google/javascript/jscomp/NodeTraversal;Lcom/google/javascript/rhino/Node;Lcom/google/javascript/rhino/Node;)V
151b:5048:com.google.javascript.jscomp.CommandLineRunner$Flags.<init>()V
151b:4929:com.google.javascript.jscomp.CommandLineRunner.initConfigFromFlags([Ljava/lang/String;Ljava/io/PrintStream;)V
152b:924:com.google.javascript.rhino.jstype.FunctionType.resolveInternal(Lcom/google/javascript/rhino/ErrorReporter;Lcom/google/javascript/rhino/jstype/StaticScope;)Lcom/google/javascript/rhino/jstype/JSType;
153b:2382:com.google.javascript.jscomp.Normalize$DuplicateDeclarationHandler.<init>(Lcom/google/javascript/jscomp/Normalize;)V
153b:2384:com.google.javascript.jscomp.Normalize$DuplicateDeclarationHandler.onRedeclaration(Lcom/google/javascript/jscomp/Scope;Ljava/lang/String;Lcom/google/javascript/rhino/Node;Lcom/google/javascript/rhino/Node;Lcom/google/javascript/rhino/Node;Lcom/google/javascript/rhino/Node;)V
153b:1410:com.google.javascript.jscomp.SyntacticScopeCreator.scanRoot(Lcom/google/javascript/rhino/Node;Lcom/google/javascript/jscomp/Scope;)V
153b:1411:com.google.javascript.jscomp.SyntacticScopeCreator.scanVars(Lcom/google/javascript/rhino/Node;Lcom/google/javascript/rhino/Node;)V
153b:1412:com.google.javascript.jscomp.SyntacticScopeCreator.declareVar(Ljava/lang/String;Lcom/google/javascript/rhino/Node;Lcom/google/javascript/rhino/Node;Lcom/google/javascript/rhino/Node;Lcom/google/javascript/rhino/jstype/JSType;Lcom/google/javascript/rhino/Node;)V
153b:1416:com.google.javascript.jscomp.SyntacticScopeCreator$RedeclarationHandler.onRedeclaration(Lcom/google/javascript/jscomp/Scope;Ljava/lang/String;Lcom/google/javascript/rhino/Node;Lcom/google/javascript/rhino/Node;Lcom/google/javascript/rhino/Node;Lcom/google/javascript/rhino/Node;)V
153b:2188:com.google.javascript.jscomp.SyntacticScopeCreator$DefaultRedeclarationHandler.onRedeclaration(Lcom/google/javascript/jscomp/Scope;Ljava/lang/String;Lcom/google/javascript/rhino/Node;Lcom/google/javascript/rhino/Node;Lcom/google/javascript/rhino/Node;Lcom/google/javascript/rhino/Node;)V
154b:363:com.google.javascript.jscomp.TypeCheck.<clinit>()V
154b:376:com.google.javascript.jscomp.TypeCheck.checkDeclaredPropertyInheritance(Lcom/google/javascript/jscomp/NodeTraversal;Lcom/google/javascript/rhino/Node;Lcom/google/javascript/rhino/jstype/FunctionType;Ljava/lang/String;Lcom/google/javascript/rhino/JSDocInfo;Lcom/google/javascript/rhino/jstype/JSType;)V
154b:1231:com.google.javascript.jscomp.TypeValidator.<clinit>()V
154b:1254:com.google.javascript.jscomp.TypeValidator.expectInterfaceProperty(Lcom/google/javascript/jscomp/NodeTraversal;Lcom/google/javascript/rhino/Node;Lcom/google/javascript/rhino/jstype/ObjectType;Lcom/google/javascript/rhino/jstype/ObjectType;Ljava/lang/String;)V
155b:6045:com.google.javascript.jscomp.InlineVariables$InliningBehavior.doInlinesForScope(Lcom/google/javascript/jscomp/NodeTraversal;Ljava/util/Map;)V
155b:6046:com.google.javascript.jscomp.InlineVariables$InliningBehavior.inlineNonConstants(Lcom/google/javascript/jscomp/Scope$Var;Lcom/google/javascript/jscomp/ReferenceCollectingCallback$ReferenceCollection;)V
155b:0:com.google.javascript.jscomp.InlineVariables$InliningBehavior.maybeEscapedOrModifiedArguments_is_added_but_non_existent_in_buggy
155b:0:com.google.javascript.jscomp.InlineVariables$InliningBehavior.isLValue_is_added_but_non_existent_in_buggy
155b:5550:com.google.javascript.jscomp.ReferenceCollectingCallback.visit(Lcom/google/javascript/jscomp/NodeTraversal;Lcom/google/javascript/rhino/Node;Lcom/google/javascript/rhino/Node;)V
155b:0:com.google.javascript.jscomp.Scope$Arguments_class_is_added_but_non_existent_in_buggy
155b:0:com.google.javascript.jscomp.Scope.getArgumentsVar_is_added_but_non_existent_in_buggy
156b:5547:com.google.javascript.jscomp.CollapseProperties.collapseDeclarationOfNameAndDescendants(Lcom/google/javascript/jscomp/GlobalNamespace$Name;Ljava/lang/String;)V
156b:5549:com.google.javascript.jscomp.CollapseProperties.updateObjLitOrFunctionDeclaration(Lcom/google/javascript/jscomp/GlobalNamespace$Name;Ljava/lang/String;)V
156b:5550:com.google.javascript.jscomp.CollapseProperties.updateObjLitOrFunctionDeclarationAtAssignNode(Lcom/google/javascript/jscomp/GlobalNamespace$Name;Ljava/lang/String;)V
156b:5552:com.google.javascript.jscomp.CollapseProperties.updateObjLitOrFunctionDeclarationAtVarNode(Lcom/google/javascript/jscomp/GlobalNamespace$Name;)V
156b:5553:com.google.javascript.jscomp.CollapseProperties.updateFunctionDeclarationAtFunctionNode(Lcom/google/javascript/jscomp/GlobalNamespace$Name;)V
157b:0:com.google.javascript.jscomp.parsing.IRFactory.transformNumberAsString_is_added_but_non_existent_in_buggy
157b:0:com.google.javascript.jscomp.parsing.IRFactory.getStringValue_is_added_but_non_existent_in_buggy
157b:2114:com.google.javascript.jscomp.parsing.IRFactory$TransformDispatcher.transformAsString(Lcom/google/javascript/jscomp/mozilla/rhino/ast/AstNode;)Lcom/google/javascript/rhino/Node;
157b:3484:com.google.javascript.jscomp.CodeGenerator.add(Lcom/google/javascript/rhino/Node;Lcom/google/javascript/jscomp/CodeGenerator$Context;)V
157b:0:com.google.javascript.jscomp.CodeGenerator.isSimpleNumber_is_added_but_non_existent_in_buggy
157b:0:com.google.javascript.jscomp.CodeGenerator.getSimpleNumber_is_added_but_non_existent_in_buggy
157b:6775:com.google.javascript.jscomp.RenameProperties$ProcessProperties.visit(Lcom/google/javascript/jscomp/NodeTraversal;Lcom/google/javascript/rhino/Node;Lcom/google/javascript/rhino/Node;)V
157b:8419:com.google.javascript.jscomp.RenamePrototypes$ProcessProperties.processPrototypeParent(Lcom/google/javascript/rhino/Node;Lcom/google/javascript/jscomp/CompilerInput;)V
158b:5674:com.google.javascript.jscomp.AbstractCommandLineRunner.setRunOptions(Lcom/google/javascript/jscomp/CompilerOptions;)V
158b:5717:com.google.javascript.jscomp.AbstractCommandLineRunner$CommandLineConfig.<init>()V
158b:5741:com.google.javascript.jscomp.AbstractCommandLineRunner$CommandLineConfig.setJscompError(Ljava/util/List;)Lcom/google/javascript/jscomp/AbstractCommandLineRunner$CommandLineConfig;
158b:5742:com.google.javascript.jscomp.AbstractCommandLineRunner$CommandLineConfig.setJscompWarning(Ljava/util/List;)Lcom/google/javascript/jscomp/AbstractCommandLineRunner$CommandLineConfig;
158b:5743:com.google.javascript.jscomp.AbstractCommandLineRunner$CommandLineConfig.setJscompOff(Ljava/util/List;)Lcom/google/javascript/jscomp/AbstractCommandLineRunner$CommandLineConfig;
158b:0:com.google.javascript.jscomp.AbstractCommandLineRunner$WarningGuardSpec_class_is_added_but_non_existent_in_buggy
158b:5788:com.google.javascript.jscomp.CommandLineRunner$Flags.<init>()V
158b:0:com.google.javascript.jscomp.CommandLineRunner$Flags$WarningGuardErrorOptionHandler_class_is_added_but_non_existent_in_buggy
158b:0:com.google.javascript.jscomp.CommandLineRunner$Flags$WarningGuardWarningOptionHandler_class_is_added_but_non_existent_in_buggy
158b:0:com.google.javascript.jscomp.CommandLineRunner$Flags$WarningGuardOffOptionHandler_class_is_added_but_non_existent_in_buggy
158b:0:com.google.javascript.jscomp.CommandLineRunner$Flags$WarningGuardSetter_class_is_added_but_non_existent_in_buggy
158b:5657:com.google.javascript.jscomp.CommandLineRunner.processFlagFile(Ljava/io/PrintStream;)V
158b:5658:com.google.javascript.jscomp.CommandLineRunner.initConfigFromFlags([Ljava/lang/String;Ljava/io/PrintStream;)V
158b:1401:com.google.javascript.jscomp.DiagnosticGroups.setWarningLevels(Lcom/google/javascript/jscomp/CompilerOptions;Ljava/util/List;Lcom/google/javascript/jscomp/CheckLevel;)V
159b:6198:com.google.javascript.jscomp.InlineFunctions.findCalledFunctions(Lcom/google/javascript/rhino/Node;Ljava/util/Set;)V
160b:359:com.google.javascript.jscomp.Compiler.initOptions(Lcom/google/javascript/jscomp/CompilerOptions;)V
161b:6472:com.google.javascript.jscomp.PeepholeFoldConstants.tryFoldArrayAccess(Lcom/google/javascript/rhino/Node;Lcom/google/javascript/rhino/Node;Lcom/google/javascript/rhino/Node;)Lcom/google/javascript/rhino/Node;
162b:0:com.google.javascript.jscomp.Scope.getVarIterable_is_added_but_non_existent_in_buggy
162b:5639:com.google.javascript.jscomp.ScopedAliases$Traversal.enterScope(Lcom/google/javascript/jscomp/NodeTraversal;)V
162b:0:com.google.javascript.jscomp.ScopedAliases$Traversal.findAliases_is_added_but_non_existent_in_buggy
162b:5645:com.google.javascript.jscomp.ScopedAliases$Traversal.visit(Lcom/google/javascript/jscomp/NodeTraversal;Lcom/google/javascript/rhino/Node;Lcom/google/javascript/rhino/Node;)V
163b:6709:com.google.javascript.jscomp.AnalyzePrototypeProperties$ProcessProperties.<init>(Lcom/google/javascript/jscomp/AnalyzePrototypeProperties;)V
163b:6711:com.google.javascript.jscomp.AnalyzePrototypeProperties$ProcessProperties.enterScope(Lcom/google/javascript/jscomp/NodeTraversal;)V
163b:6712:com.google.javascript.jscomp.AnalyzePrototypeProperties$ProcessProperties.exitScope(Lcom/google/javascript/jscomp/NodeTraversal;)V
163b:6713:com.google.javascript.jscomp.AnalyzePrototypeProperties$ProcessProperties.shouldTraverse(Lcom/google/javascript/jscomp/NodeTraversal;Lcom/google/javascript/rhino/Node;Lcom/google/javascript/rhino/Node;)Z
163b:6714:com.google.javascript.jscomp.AnalyzePrototypeProperties$ProcessProperties.visit(Lcom/google/javascript/jscomp/NodeTraversal;Lcom/google/javascript/rhino/Node;Lcom/google/javascript/rhino/Node;)V
163b:0:com.google.javascript.jscomp.AnalyzePrototypeProperties$ProcessProperties.processNonFunctionPrototypeAssign_is_added_but_non_existent_in_buggy
163b:6716:com.google.javascript.jscomp.AnalyzePrototypeProperties$ProcessProperties.isGlobalFunctionDeclaration(Lcom/google/javascript/jscomp/NodeTraversal;Lcom/google/javascript/rhino/Node;)Z
163b:6717:com.google.javascript.jscomp.AnalyzePrototypeProperties$ProcessProperties.isPrototypePropertyAssign(Lcom/google/javascript/rhino/Node;)Z
163b:0:com.google.javascript.jscomp.AnalyzePrototypeProperties$ProcessProperties.getPrototypePropertyNameFromRValue_is_added_but_non_existent_in_buggy
163b:6718:com.google.javascript.jscomp.AnalyzePrototypeProperties$ProcessProperties.processGlobalFunctionDeclaration(Lcom/google/javascript/jscomp/NodeTraversal;Lcom/google/javascript/rhino/Node;Lcom/google/javascript/rhino/Node;Lcom/google/javascript/rhino/Node;)Z
163b:6719:com.google.javascript.jscomp.AnalyzePrototypeProperties$ProcessProperties.processPrototypeParent(Lcom/google/javascript/jscomp/NodeTraversal;Lcom/google/javascript/rhino/Node;)V
163b:0:com.google.javascript.jscomp.AnalyzePrototypeProperties$Symbol.getRootVar()_is_added_but_non_existent_in_buggy
163b:7408:com.google.javascript.jscomp.AnalyzePrototypeProperties$GlobalFunction.<init>(Lcom/google/javascript/jscomp/AnalyzePrototypeProperties;Lcom/google/javascript/rhino/Node;Lcom/google/javascript/rhino/Node;Lcom/google/javascript/rhino/Node;Lcom/google/javascript/jscomp/JSModule;)V
163b:0:com.google.javascript.jscomp.AnalyzePrototypeProperties$GlobalFunction.getRootVar()_is_added_but_non_existent_in_buggy
163b:7752:com.google.javascript.jscomp.AnalyzePrototypeProperties$AssignmentProperty.<init>(Lcom/google/javascript/rhino/Node;Lcom/google/javascript/jscomp/JSModule;)V
163b:0:com.google.javascript.jscomp.AnalyzePrototypeProperties$AssignmentProperty.getRootVar()_is_added_but_non_existent_in_buggy
163b:7909:com.google.javascript.jscomp.AnalyzePrototypeProperties$LiteralProperty.<init>(Lcom/google/javascript/rhino/Node;Lcom/google/javascript/rhino/Node;Lcom/google/javascript/rhino/Node;Lcom/google/javascript/rhino/Node;Lcom/google/javascript/jscomp/JSModule;)V
163b:0:com.google.javascript.jscomp.AnalyzePrototypeProperties$LiteralProperty.getRootVar()_is_added_but_non_existent_in_buggy
163b:6721:com.google.javascript.jscomp.AnalyzePrototypeProperties$NameContext.<init>(Lcom/google/javascript/jscomp/AnalyzePrototypeProperties;Lcom/google/javascript/jscomp/AnalyzePrototypeProperties$NameInfo;)V
163b:7071:com.google.javascript.jscomp.CrossModuleMethodMotion.moveMethods(Ljava/util/Collection;)V
164b:3609:com.google.javascript.rhino.jstype.ArrowType.isSubtype(Lcom/google/javascript/rhino/jstype/JSType;)Z
165b:3273:com.google.javascript.rhino.jstype.JSTypeRegistry.canPropertyBeDefined(Lcom/google/javascript/rhino/jstype/JSType;Ljava/lang/String;)Z
165b:0:com.google.javascript.rhino.jstype.ObjectType.defineSynthesizedProperty_is_added_but_non_existent_in_buggy
165b:8590:com.google.javascript.rhino.jstype.RecordType.<init>(Lcom/google/javascript/rhino/jstype/JSTypeRegistry;Ljava/util/Map;)V
165b:0:com.google.javascript.rhino.jstype.RecordType.isSynthetic()_is_added_but_non_existent_in_buggy
165b:8594:com.google.javascript.rhino.jstype.RecordType.getGreatestSubtypeHelper(Lcom/google/javascript/rhino/jstype/JSType;)Lcom/google/javascript/rhino/jstype/JSType;
165b:6023:com.google.javascript.rhino.jstype.RecordTypeBuilder.<init>(Lcom/google/javascript/rhino/jstype/JSTypeRegistry;)V
165b:0:com.google.javascript.rhino.jstype.RecordTypeBuilder.setSynthesized(Z)V_is_added_but_non_existent_in_buggy
165b:6025:com.google.javascript.rhino.jstype.RecordTypeBuilder.build()Lcom/google/javascript/rhino/jstype/JSType;
166b:1256:com.google.javascript.rhino.jstype.PrototypeObjectType.matchConstraint(Lcom/google/javascript/rhino/jstype/JSType;)V
167b:822:com.google.javascript.jscomp.type.SemanticReverseAbstractInterpreter.caseEquality(Lcom/google/javascript/rhino/Node;Lcom/google/javascript/rhino/Node;Lcom/google/javascript/jscomp/type/FlowScope;Lcom/google/common/base/Function;)Lcom/google/javascript/jscomp/type/FlowScope;
167b:823:com.google.javascript.jscomp.type.SemanticReverseAbstractInterpreter.caseAndOrNotShortCircuiting(Lcom/google/javascript/rhino/Node;Lcom/google/javascript/rhino/Node;Lcom/google/javascript/jscomp/type/FlowScope;Z)Lcom/google/javascript/jscomp/type/FlowScope;
167b:825:com.google.javascript.jscomp.type.SemanticReverseAbstractInterpreter.maybeRestrictName(Lcom/google/javascript/jscomp/type/FlowScope;Lcom/google/javascript/rhino/Node;Lcom/google/javascript/rhino/jstype/JSType;Lcom/google/javascript/rhino/jstype/JSType;)Lcom/google/javascript/jscomp/type/FlowScope;
167b:826:com.google.javascript.jscomp.type.SemanticReverseAbstractInterpreter.maybeRestrictTwoNames(Lcom/google/javascript/jscomp/type/FlowScope;Lcom/google/javascript/rhino/Node;ZLcom/google/javascript/rhino/jstype/JSType;Lcom/google/javascript/rhino/Node;ZLcom/google/javascript/rhino/jstype/JSType;)Lcom/google/javascript/jscomp/type/FlowScope;
167b:827:com.google.javascript.jscomp.type.SemanticReverseAbstractInterpreter.caseNameOrGetProp(Lcom/google/javascript/rhino/Node;Lcom/google/javascript/jscomp/type/FlowScope;Z)Lcom/google/javascript/jscomp/type/FlowScope;
167b:1038:com.google.javascript.rhino.jstype.JSType.getRestrictedTypeGivenToBooleanOutcome(Z)Lcom/google/javascript/rhino/jstype/JSType;
168b:5249:com.google.javascript.jscomp.TypedScopeCreator$FirstOrderFunctionAnalyzer.visit(Lcom/google/javascript/jscomp/NodeTraversal;Lcom/google/javascript/rhino/Node;Lcom/google/javascript/rhino/Node;)V
169b:4597:com.google.javascript.rhino.jstype.ArrowType.hasEqualParameters(Lcom/google/javascript/rhino/jstype/ArrowType;Z)Z
169b:4598:com.google.javascript.rhino.jstype.ArrowType.checkArrowEquivalenceHelper(Lcom/google/javascript/rhino/jstype/ArrowType;Z)Z
169b:1178:com.google.javascript.rhino.jstype.FunctionType.tryMergeFunctionPiecewise(Lcom/google/javascript/rhino/jstype/FunctionType;Z)Lcom/google/javascript/rhino/jstype/FunctionType;
169b:1182:com.google.javascript.rhino.jstype.FunctionType.checkFunctionEquivalenceHelper(Lcom/google/javascript/rhino/jstype/FunctionType;Z)Z
169b:1184:com.google.javascript.rhino.jstype.FunctionType.hasEqualCallType(Lcom/google/javascript/rhino/jstype/FunctionType;)Z
169b:1020:com.google.javascript.rhino.jstype.JSType.isEquivalentTo(Lcom/google/javascript/rhino/jstype/JSType;)Z
169b:1021:com.google.javascript.rhino.jstype.JSType.isInvariant(Lcom/google/javascript/rhino/jstype/JSType;)Z
169b:1022:com.google.javascript.rhino.jstype.JSType.differsFrom(Lcom/google/javascript/rhino/jstype/JSType;)Z
169b:1023:com.google.javascript.rhino.jstype.JSType.checkEquivalenceHelper(Lcom/google/javascript/rhino/jstype/JSType;Z)Z
169b:5741:com.google.javascript.rhino.jstype.RecordType.checkRecordEquivalenceHelper(Lcom/google/javascript/rhino/jstype/RecordType;Z)Z
169b:5744:com.google.javascript.rhino.jstype.RecordType.getGreatestSubtypeHelper(Lcom/google/javascript/rhino/jstype/JSType;)Lcom/google/javascript/rhino/jstype/JSType;
169b:5747:com.google.javascript.rhino.jstype.RecordType.isSubtype(Lcom/google/javascript/rhino/jstype/ObjectType;Lcom/google/javascript/rhino/jstype/RecordType;)Z
169b:4668:com.google.javascript.rhino.jstype.UnionType.checkUnionEquivalenceHelper(Lcom/google/javascript/rhino/jstype/UnionType;Z)Z
170b:8250:com.google.javascript.jscomp.FlowSensitiveInlineVariables$Candidate.getNumUseInUseCfgNode(Lcom/google/javascript/rhino/Node;)V
170b:0:com.google.javascript.jscomp.FlowSensitiveInlineVariables$Candidate.isAssignChain_is_added_but_non_existent_in_buggy
171b:5652:com.google.javascript.jscomp.TypeInference.traverseObjectLiteral(Lcom/google/javascript/rhino/Node;Lcom/google/javascript/jscomp/type/FlowScope;)Lcom/google/javascript/jscomp/type/FlowScope;
171b:1897:com.google.javascript.jscomp.TypedScopeCreator$AbstractScopeBuilder.isQualifiedNameInferred(Ljava/lang/String;Lcom/google/javascript/rhino/Node;Lcom/google/javascript/rhino/JSDocInfo;Lcom/google/javascript/rhino/Node;Lcom/google/javascript/rhino/jstype/JSType;)Z
172b:1899:com.google.javascript.jscomp.TypedScopeCreator$AbstractScopeBuilder.isQualifiedNameInferred(Ljava/lang/String;Lcom/google/javascript/rhino/Node;Lcom/google/javascript/rhino/JSDocInfo;Lcom/google/javascript/rhino/Node;Lcom/google/javascript/rhino/jstype/JSType;)Z
173b:3742:com.google.javascript.jscomp.CodeGenerator.add(Lcom/google/javascript/rhino/Node;Lcom/google/javascript/jscomp/CodeGenerator$Context;)V
173b:7648:com.google.javascript.jscomp.PeepholeSubstituteAlternateSyntax.optimizeSubtree(Lcom/google/javascript/rhino/Node;)Lcom/google/javascript/rhino/Node;
173b:0:com.google.javascript.jscomp.PeepholeSubstituteAlternateSyntax.tryRotateAssociativeOperator_is_added_but_non_existent_in_buggy
174b:1557:com.google.javascript.jscomp.JsAst.parse(Lcom/google/javascript/jscomp/AbstractCompiler;)V
174b:3044:com.google.javascript.jscomp.NodeUtil.newQualifiedNameNodeDeclaration(Lcom/google/javascript/jscomp/CodingConvention;Ljava/lang/String;Lcom/google/javascript/rhino/Node;Lcom/google/javascript/rhino/JSDocInfo;)Lcom/google/javascript/rhino/Node;
174b:6599:com.google.javascript.jscomp.ScopedAliases$Traversal.findAliases(Lcom/google/javascript/jscomp/NodeTraversal;)V
175b:7402:com.google.javascript.jscomp.FunctionInjector.<init>(Lcom/google/javascript/jscomp/AbstractCompiler;Lcom/google/common/base/Supplier;ZZZ)V
175b:7405:com.google.javascript.jscomp.FunctionInjector.canInlineReferenceToFunction(Lcom/google/javascript/jscomp/NodeTraversal;Lcom/google/javascript/rhino/Node;Lcom/google/javascript/rhino/Node;Ljava/util/Set;Lcom/google/javascript/jscomp/FunctionInjector$InliningMode;ZZ)Lcom/google/javascript/jscomp/FunctionInjector$CanInlineResult;
175b:7416:com.google.javascript.jscomp.FunctionInjector.canInlineReferenceDirectly(Lcom/google/javascript/rhino/Node;Lcom/google/javascript/rhino/Node;)Lcom/google/javascript/jscomp/FunctionInjector$CanInlineResult;
176b:5644:com.google.javascript.jscomp.TypeInference.updateScopeForTypeChange(Lcom/google/javascript/jscomp/type/FlowScope;Lcom/google/javascript/rhino/Node;Lcom/google/javascript/rhino/jstype/JSType;Lcom/google/javascript/rhino/jstype/JSType;)V
