1b:573:org.mockito.internal.invocation.InvocationMatcher.captureArgumentsFrom(Lorg/mockito/invocation/Invocation;)V
2b:1555:org.mockito.internal.util.Timer.<init>(J)V
3b:573:org.mockito.internal.invocation.InvocationMatcher.captureArgumentsFrom(Lorg/mockito/invocation/Invocation;)V
4b:188:org.mockito.exceptions.Reporter.noMoreInteractionsWanted(Lorg/mockito/invocation/Invocation;Ljava/util/List;)V
4b:189:org.mockito.exceptions.Reporter.noMoreInteractionsWantedInOrder(Lorg/mockito/invocation/Invocation;)V
4b:215:org.mockito.exceptions.Reporter.exceptionCauseMessageIfAvailable(Ljava/lang/Exception;)Ljava/lang/String;
5b:1589:org.mockito.internal.verification.VerificationOverTimeImpl.verify(Lorg/mockito/internal/verification/api/VerificationData;)V
6b:376:org.mockito.Matchers.anyBoolean()Z
6b:377:org.mockito.Matchers.anyByte()B
6b:378:org.mockito.Matchers.anyChar()C
6b:379:org.mockito.Matchers.anyInt()I
6b:380:org.mockito.Matchers.anyLong()J
6b:381:org.mockito.Matchers.anyFloat()F
6b:382:org.mockito.Matchers.anyDouble()D
6b:383:org.mockito.Matchers.anyShort()S
6b:384:org.mockito.Matchers.anyObject()Ljava/lang/Object;
6b:386:org.mockito.Matchers.any(Ljava/lang/Class;)Ljava/lang/Object;
6b:387:org.mockito.Matchers.any()Ljava/lang/Object;
6b:388:org.mockito.Matchers.anyString()Ljava/lang/String;
6b:389:org.mockito.Matchers.anyList()Ljava/util/List;
6b:390:org.mockito.Matchers.anyListOf(Ljava/lang/Class;)Ljava/util/List;
6b:391:org.mockito.Matchers.anySet()Ljava/util/Set;
6b:392:org.mockito.Matchers.anySetOf(Ljava/lang/Class;)Ljava/util/Set;
6b:393:org.mockito.Matchers.anyMap()Ljava/util/Map;
6b:394:org.mockito.Matchers.anyMapOf(Ljava/lang/Class;Ljava/lang/Class;)Ljava/util/Map;
6b:395:org.mockito.Matchers.anyCollection()Ljava/util/Collection;
6b:396:org.mockito.Matchers.anyCollectionOf(Ljava/lang/Class;)Ljava/util/Collection;
7b:1508:org.mockito.internal.util.reflection.GenericMetadataSupport$TypeVariableReturnType.readTypeVariables()V
8b:1478:org.mockito.internal.util.reflection.GenericMetadataSupport.registerTypeVariablesOn(Ljava/lang/reflect/Type;)V
9b:273:org.mockito.internal.stubbing.answers.CallsRealMethods.answer(Lorg/mockito/invocation/InvocationOnMock;)Ljava/lang/Object;
10b:257:org.mockito.internal.stubbing.defaultanswers.ReturnsDeepStubs.deepStub(Lorg/mockito/invocation/InvocationOnMock;Lorg/mockito/internal/util/reflection/GenericMetadataSupport;)Ljava/lang/Object;
10b:258:org.mockito.internal.stubbing.defaultanswers.ReturnsDeepStubs.newDeepStubMock(Lorg/mockito/internal/util/reflection/GenericMetadataSupport;)Ljava/lang/Object;
10b:259:org.mockito.internal.stubbing.defaultanswers.ReturnsDeepStubs.withSettingsUsing(Lorg/mockito/internal/util/reflection/GenericMetadataSupport;)Lorg/mockito/MockSettings;
11b:649:org.mockito.internal.creation.DelegatingMethod.equals(Ljava/lang/Object;)Z
12b:979:org.mockito.internal.util.reflection.GenericMaster.getGenericType(Ljava/lang/reflect/Field;)Ljava/lang/Class;
13b:396:org.mockito.internal.MockHandler.handle(Lorg/mockito/internal/invocation/Invocation;)Ljava/lang/Object;
14b:387:org.mockito.internal.MockHandler.handle(Lorg/mockito/internal/invocation/Invocation;)Ljava/lang/Object;
14b:37:org.mockito.internal.MockitoCore.verify(Ljava/lang/Object;Lorg/mockito/verification/VerificationMode;)Ljava/lang/Object;
15b:1078:org.mockito.internal.configuration.injection.FinalMockCandidateFilter.filterCandidate(Ljava/util/Collection;Ljava/lang/reflect/Field;Ljava/lang/Object;)Lorg/mockito/internal/configuration/injection/OngoingInjecter;
16b:193:org.mockito.internal.MockitoCore.mock(Ljava/lang/Class;Lorg/mockito/MockSettings;Z)Ljava/lang/Object;
16b:194:org.mockito.internal.MockitoCore.mock(Ljava/lang/Class;Lorg/mockito/MockSettings;)Ljava/lang/Object;
16b:88:org.mockito.Mockito.mock(Ljava/lang/Class;Lorg/mockito/MockSettings;)Ljava/lang/Object;
16b:89:org.mockito.Mockito.spy(Ljava/lang/Object;)Ljava/lang/Object;
17b:303:org.mockito.internal.creation.MockSettingsImpl.<init>()V
17b:304:org.mockito.internal.creation.MockSettingsImpl.serializable()Lorg/mockito/MockSettings;
17b:313:org.mockito.internal.creation.MockSettingsImpl.isSerializable()Z
17b:275:org.mockito.internal.util.MockUtil.createMock(Ljava/lang/Class;Lorg/mockito/internal/creation/MockSettingsImpl;)Ljava/lang/Object;
18b:47:org.mockito.internal.stubbing.defaultanswers.ReturnsMoreEmptyValues.returnValueFor(Ljava/lang/Class;)Ljava/lang/Object;
19b:848:org.mockito.internal.configuration.injection.filter.FinalMockCandidateFilter.filterCandidate(Ljava/util/Collection;Ljava/lang/reflect/Field;Ljava/lang/Object;)Lorg/mockito/internal/configuration/injection/filter/OngoingInjecter;
19b:842:org.mockito.internal.configuration.injection.filter.MockCandidateFilter.filterCandidate(Ljava/util/Collection;Ljava/lang/reflect/Field;Ljava/lang/Object;)Lorg/mockito/internal/configuration/injection/filter/OngoingInjecter;
19b:846:org.mockito.internal.configuration.injection.filter.NameBasedCandidateFilter.filterCandidate(Ljava/util/Collection;Ljava/lang/reflect/Field;Ljava/lang/Object;)Lorg/mockito/internal/configuration/injection/filter/OngoingInjecter;
19b:844:org.mockito.internal.configuration.injection.filter.TypeBasedCandidateFilter.filterCandidate(Ljava/util/Collection;Ljava/lang/reflect/Field;Ljava/lang/Object;)Lorg/mockito/internal/configuration/injection/filter/OngoingInjecter;
19b:831:org.mockito.internal.configuration.injection.PropertyAndSetterInjection.injectMockCandidatesOnFields(Ljava/util/Set;Ljava/lang/Object;ZLjava/util/List;)Z
20b:99:org.mockito.internal.creation.bytebuddy.ByteBuddyMockMaker.createMock(Lorg/mockito/mock/MockCreationSettings;Lorg/mockito/invocation/MockHandler;)Ljava/lang/Object;
21b:648:org.mockito.internal.creation.instance.ConstructorInstantiator.newInstance(Ljava/lang/Class;)Ljava/lang/Object;
21b:649:org.mockito.internal.creation.instance.ConstructorInstantiator.withOuterClass(Ljava/lang/Class;)Ljava/lang/Object;
22b:994:org.mockito.internal.matchers.Equality.areEqual(Ljava/lang/Object;Ljava/lang/Object;)Z
23b:252:org.mockito.internal.stubbing.defaultanswers.ReturnsDeepStubs.<init>()V
23b:253:org.mockito.internal.stubbing.defaultanswers.ReturnsDeepStubs.answer(Lorg/mockito/invocation/InvocationOnMock;)Ljava/lang/Object;
23b:256:org.mockito.internal.stubbing.defaultanswers.ReturnsDeepStubs.withSettingsUsing(Lorg/mockito/internal/util/reflection/GenericMetadataSupport;)Lorg/mockito/MockSettings;
23b:258:org.mockito.internal.stubbing.defaultanswers.ReturnsDeepStubs.recordDeepStubMock(Ljava/lang/Object;Lorg/mockito/internal/stubbing/InvocationContainerImpl;)Ljava/lang/Object;
24b:45:org.mockito.internal.stubbing.defaultanswers.ReturnsEmptyValues.answer(Lorg/mockito/invocation/InvocationOnMock;)Ljava/lang/Object;
25b:248:org.mockito.internal.stubbing.defaultanswers.ReturnsDeepStubs.answer(Lorg/mockito/invocation/InvocationOnMock;)Ljava/lang/Object;
25b:249:org.mockito.internal.stubbing.defaultanswers.ReturnsDeepStubs.getMock(Lorg/mockito/invocation/InvocationOnMock;)Ljava/lang/Object;
25b:250:org.mockito.internal.stubbing.defaultanswers.ReturnsDeepStubs.recordDeepStubMock(Lorg/mockito/invocation/InvocationOnMock;Lorg/mockito/internal/stubbing/InvocationContainerImpl;)Ljava/lang/Object;
26b:815:org.mockito.internal.util.Primitives.<clinit>()V
27b:163:org.mockito.internal.util.MockUtil.resetMock(Ljava/lang/Object;)V
28b:1073:org.mockito.internal.configuration.DefaultInjectionEngine.injectMockCandidate(Ljava/lang/Class;Ljava/util/Set;Ljava/lang/Object;)V
29b:899:org.mockito.internal.matchers.Same.describeTo(Lorg/hamcrest/Description;)V
30b:119:org.mockito.exceptions.Reporter.smartNullPointerException(Lorg/mockito/internal/debugging/Location;)V
30b:970:org.mockito.internal.stubbing.defaultanswers.ReturnsSmartNulls$ThrowingInterceptor.intercept(Ljava/lang/Object;Ljava/lang/reflect/Method;[Ljava/lang/Object;Lorg/mockito/cglib/proxy/MethodProxy;)Ljava/lang/Object;
31b:971:org.mockito.internal.stubbing.defaultanswers.ReturnsSmartNulls$ThrowingInterceptor.formatMethodCall()Ljava/lang/String;
32b:264:org.mockito.internal.configuration.SpyAnnotationEngine.process(Ljava/lang/Class;Ljava/lang/Object;)V
33b:415:org.mockito.internal.invocation.InvocationMatcher.hasSameMethod(Lorg/mockito/internal/invocation/Invocation;)Z
34b:415:org.mockito.internal.invocation.InvocationMatcher.captureArgumentsFrom(Lorg/mockito/internal/invocation/Invocation;)V
35b:132:org.mockito.Matchers.isA(Ljava/lang/Class;)Ljava/lang/Object;
35b:141:org.mockito.Matchers.eq(Ljava/lang/Object;)Ljava/lang/Object;
35b:143:org.mockito.Matchers.same(Ljava/lang/Object;)Ljava/lang/Object;
36b:34:org.mockito.internal.invocation.Invocation.callRealMethod()Ljava/lang/Object;
37b:598:org.mockito.internal.stubbing.answers.AnswersValidator.validate(Lorg/mockito/stubbing/Answer;Lorg/mockito/internal/invocation/Invocation;)V
38b:774:org.mockito.internal.verification.argumentmatching.ArgumentMatchingTool.toStringEquals(Lorg/hamcrest/Matcher;Ljava/lang/Object;)Z
