1b:568:org.joda.time.field.UnsupportedDurationField.compareTo(Lorg/joda/time/DurationField;)I
1b:2044:org.joda.time.Partial.<init>(Lorg/joda/time/Chronology;[Lorg/joda/time/DateTimeFieldType;[I)V
2b:568:org.joda.time.field.UnsupportedDurationField.compareTo(Lorg/joda/time/DurationField;)I
2b:2044:org.joda.time.Partial.<init>(Lorg/joda/time/Chronology;[Lorg/joda/time/DateTimeFieldType;[I)V
2b:2053:org.joda.time.Partial.with(Lorg/joda/time/DateTimeFieldType;I)Lorg/joda/time/Partial;
3b:3236:org.joda.time.MutableDateTime.add(Lorg/joda/time/DurationFieldType;I)V
3b:3248:org.joda.time.MutableDateTime.addDays(I)V
3b:3250:org.joda.time.MutableDateTime.addHours(I)V
3b:3259:org.joda.time.MutableDateTime.addMillis(I)V
3b:3253:org.joda.time.MutableDateTime.addMinutes(I)V
3b:3242:org.joda.time.MutableDateTime.addMonths(I)V
3b:3256:org.joda.time.MutableDateTime.addSeconds(I)V
3b:3244:org.joda.time.MutableDateTime.addWeeks(I)V
3b:3240:org.joda.time.MutableDateTime.addWeekyears(I)V
3b:3238:org.joda.time.MutableDateTime.addYears(I)V
4b:2390:org.joda.time.Partial.with(Lorg/joda/time/DateTimeFieldType;I)Lorg/joda/time/Partial;
5b:1837:org.joda.time.Period.normalizedStandard(Lorg/joda/time/PeriodType;)Lorg/joda/time/Period;
6b:603:org.joda.time.chrono.GJChronology.getInstance(Lorg/joda/time/DateTimeZone;Lorg/joda/time/ReadableInstant;I)Lorg/joda/time/chrono/GJChronology;
6b:1112:org.joda.time.chrono.GJChronology$ImpreciseCutoverField.add(JJ)J
6b:1111:org.joda.time.chrono.GJChronology$ImpreciseCutoverField.add(JI)J
7b:2851:org.joda.time.format.DateTimeFormatter.parseInto(Lorg/joda/time/ReadWritableInstant;Ljava/lang/String;I)I
8b:9:org.joda.time.DateTimeZone.forOffsetHoursMinutes(II)Lorg/joda/time/DateTimeZone;
9b:9:org.joda.time.DateTimeZone.forOffsetHoursMinutes(II)Lorg/joda/time/DateTimeZone;
9b:10:org.joda.time.DateTimeZone.forOffsetMillis(I)Lorg/joda/time/DateTimeZone;
10b:1721:org.joda.time.base.BaseSingleFieldPeriod.between(Lorg/joda/time/ReadablePartial;Lorg/joda/time/ReadablePartial;Lorg/joda/time/ReadablePeriod;)I
11b:4181:org.joda.time.tz.ZoneInfoCompiler.<clinit>()V
12b:2272:org.joda.time.LocalDate.fromCalendarFields(Ljava/util/Calendar;)Lorg/joda/time/LocalDate;
12b:2273:org.joda.time.LocalDate.fromDateFields(Ljava/util/Date;)Lorg/joda/time/LocalDate;
12b:3293:org.joda.time.LocalDateTime.fromCalendarFields(Ljava/util/Calendar;)Lorg/joda/time/LocalDateTime;
12b:3294:org.joda.time.LocalDateTime.fromDateFields(Ljava/util/Date;)Lorg/joda/time/LocalDateTime;
13b:2031:org.joda.time.format.PeriodFormatterBuilder$FieldFormatter.calculatePrintedLength(Lorg/joda/time/ReadablePeriod;Ljava/util/Locale;)I
13b:2032:org.joda.time.format.PeriodFormatterBuilder$FieldFormatter.printTo(Ljava/lang/StringBuffer;Lorg/joda/time/ReadablePeriod;Ljava/util/Locale;)V
14b:1270:org.joda.time.chrono.BasicMonthOfYearDateTimeField.add(Lorg/joda/time/ReadablePartial;I[II)[I
15b:1454:org.joda.time.field.FieldUtils.safeMultiply(JI)J
16b:2734:org.joda.time.format.DateTimeFormatter.parseInto(Lorg/joda/time/ReadWritableInstant;Ljava/lang/String;I)I
17b:42:org.joda.time.DateTimeZone.adjustOffset(JZ)J
18b:667:org.joda.time.chrono.GJChronology.getDateTimeMillis(IIIIIII)J
19b:36:org.joda.time.DateTimeZone.getOffsetFromLocal(J)I
20b:4148:org.joda.time.format.DateTimeFormatterBuilder$TimeZoneId.parseInto(Lorg/joda/time/format/DateTimeParserBucket;Ljava/lang/String;I)I
21b:198:org.joda.time.tz.DefaultNameProvider.getNameSet(Ljava/util/Locale;Ljava/lang/String;Ljava/lang/String;)[Ljava/lang/String;
22b:1822:org.joda.time.base.BasePeriod.<init>(J)V
23b:22:org.joda.time.DateTimeZone.getConvertedId(Ljava/lang/String;)Ljava/lang/String;
24b:3552:org.joda.time.format.DateTimeParserBucket.computeMillis(ZLjava/lang/String;)J
25b:36:org.joda.time.DateTimeZone.getOffsetFromLocal(J)I
26b:1915:org.joda.time.chrono.ZonedChronology$ZonedDateTimeField.add(JI)J
26b:1916:org.joda.time.chrono.ZonedChronology$ZonedDateTimeField.add(JJ)J
26b:1917:org.joda.time.chrono.ZonedChronology$ZonedDateTimeField.addWrapField(JI)J
26b:1927:org.joda.time.chrono.ZonedChronology$ZonedDateTimeField.roundFloor(J)J
26b:1928:org.joda.time.chrono.ZonedChronology$ZonedDateTimeField.roundCeiling(J)J
26b:1918:org.joda.time.chrono.ZonedChronology$ZonedDateTimeField.set(JI)J
26b:1919:org.joda.time.chrono.ZonedChronology$ZonedDateTimeField.set(JLjava/lang/String;Ljava/util/Locale;)J
27b:1983:org.joda.time.format.PeriodFormatterBuilder.toFormatter(Ljava/util/List;ZZ)Lorg/joda/time/format/PeriodFormatter;
